Link Name,Center of Mass X,Center of Mass Y,Center of Mass Z,Center of Mass Roll,Center of Mass Pitch,Center of Mass Yaw,Mass,Moment Ixx,Moment Ixy,Moment Ixz,Moment Iyy,Moment Iyz,Moment Izz,Visual X,Visual Y,Visual Z,Visual Roll,Visual Pitch,Visual Yaw,Mesh Filename,Color Red,Color Green,Color Blue,Color Alpha,Collision X,Collision Y,Collision Z,Collision Roll,Collision Pitch,Collision Yaw,Collision Mesh Filename,Material Name,SW Components,Coordinate System,Axis Name,Joint Name,Joint Type,Joint Origin X,Joint Origin Y,Joint Origin Z,Joint Origin Roll,Joint Origin Pitch,Joint Origin Yaw,Parent,Joint Axis X,Joint Axis Y,Joint Axis Z,Limit Effort,Limit Velocity,Limit Lower,Limit Upper,Calibration rising,Calibration falling,Dynamics Damping,Dynamics Friction,Safety Soft Upper,Safety Soft Lower,Safety K Position,Safety K Velocity
base_link,-5.4954E-07,0.0014987,-0.043143,0,0,0,1.3664,0.00922994,7.0406E-08,5E-08,0.01001359,0,0.0096706,0,0,0,0,0,0,package://足式双臂机器人C/meshes/base_link.STL,0.49804,0.49804,0.49804,1,0,0,0,0,0,0,package://足式双臂机器人C/meshes/base_link.STL,,000 基体-1,base cs,,,,0,0,0,0,0,0,,0,0,0,,,,,,,,,,,,
left_hip_pitch,-5.8417E-09,0.047044,-1.263E-07,0,0,0,1.3596,0.0042882,-1.1133E-09,8.94E-06,0.00343704,1E-08,0.00429855,0,0,0,0,0,0,package://足式双臂机器人C/meshes/left_hip_pitch.STL,0.49804,0.49804,0.49804,1,0,0,0,0,0,0,package://足式双臂机器人C/meshes/left_hip_pitch.STL,,201-1,left hip pitch cs,"left hip pitch a ",left_hip_pitch,revolute,0,0.049982,-0.028857,-0.5236,0,0,base_link,0,1,0,300,9.21,-2.62,2.62,,,,,,,,
left_hip_roll,0.0089048,-5.2861E-08,-0.028158,0,0,0,1.2346,0.00332614,6.7047E-10,0,0.00315452,3.744E-05,0.00162888,0,0,0,0,0,0,package://足式双臂机器人C/meshes/left_hip_roll.STL,0.49804,0.49804,0.49804,1,0,0,0,0,0,0,package://足式双臂机器人C/meshes/left_hip_roll.STL,,202-1;203-2,"left hip roll cs ","left hip roll a ",left_hip_roll,revolute,-0.0075,0.108,0,0.5236,0,0,left_hip_pitch,1,0,0,150,8.9,-0.17,1.92,,,,,,,,
left_hip_yaw,-0.0068496,-0.00064855,-0.11018,0,0,0,5.9271,0.05684188,-0.00011147,-0.00070673,0.05357022,-0.00252756,0.02047,0,0,0,0,0,0,package://足式双臂机器人C/meshes/left_hip_yaw.STL,0.49804,0.49804,0.49804,1,0,0,0,0,0,0,package://足式双臂机器人C/meshes/left_hip_yaw.STL,,204-2,"left hip yaw cs ","left hip yaw a ",left_hip_yaw,revolute,0.008,0,-0.115,0,0,0,left_hip_roll,0,0,1,150,8.37,-1.57,1.57,,,,,,,,
left_knee,0.0088813,-2.5267E-05,-0.18917,0,0,0,2.8658,0.03712662,-3.4E-06,-5.718E-05,0.03657024,0.00072063,0.003628,0,0,0,0,0,0,package://足式双臂机器人C/meshes/left_knee.STL,0.49804,0.49804,0.49804,1,0,0,0,0,0,0,package://足式双臂机器人C/meshes/left_knee.STL,,205-2,left knee cs,left knee a,left_knee,revolute,-0.0205,0,-0.31,0,0,0,left_hip_yaw,0,1,0,300,9.21,0,2.62,,,,,,,,
left_ankle_pitch,0,-2.7756E-17,2.2204E-16,0,0,0,0.018319,2.81E-06,1.2497E-23,-1.6538E-38,2.01E-06,-7.9695E-23,2.01E-06,0,0,0,0,0,0,package://足式双臂机器人C/meshes/left_ankle_pitch.STL,0.49804,0.49804,0.49804,1,0,0,0,0,0,0,package://足式双臂机器人C/meshes/left_ankle_pitch.STL,,206-2,left ankle pitch cs,left ankle pitch a,left_ankle_pitch,revolute,0.01,0,-0.405,0,0,0,left_knee,0,1,0,100,8.79,-0.87,0.52,,,,,,,,
left_ankle_roll,0.045764,0.0017446,-0.024974,0,0,0,0.58288,0.00223155,1.705E-05,-3.09E-06,0.0005926,-7.045E-05,0.00226466,0,0,0,0,0,0,package://足式双臂机器人C/meshes/left_ankle_roll.STL,0.49804,0.49804,0.49804,1,0,0,0,0,0,0,package://足式双臂机器人C/meshes/left_ankle_roll.STL,,208-3,left ankle roll cs,left ankle roll a,left_ankle_roll,revolute,0.01,0,-0.04,0,0,0,left_ankle_pitch,1,0,0,30,12.56,-0.35,0.35,,,,,,,,
left_toe,0.031209,-0.0011085,-0.0063116,0,0,0,0.15135,8.141E-05,-1.005E-05,-1.89E-06,0.00010788,-1.115E-05,0.00015731,0,0,0,0,0,0,package://足式双臂机器人C/meshes/left_toe.STL,0.49804,0.49804,0.49804,1,0,0,0,0,0,0,package://足式双臂机器人C/meshes/left_toe.STL,,209-1,left toe cs,left toe a,left_toe,revolute,0.12318,-0.0035126,-0.034074,0,0,0,left_ankle_roll,0,1,0,30,12.56,-0.35,0.35,,,,,,,,
right_hip_pitch,-4.56163092187069E-08,-0.0470438768387433,-1.05882848145528E-07,0,0,0,1.35964020557471,0.00343703784206259,2.7662060765264E-10,-7.84771095407843E-09,0.00428307765360445,3.69873495937104E-09,0.00430371225683057,0,0,0,0,0,0,package://足式双臂机器人C/meshes/right_hip_pitch.STL,0.498039215686275,0.498039215686275,0.498039215686275,1,0,0,0,0,0,0,package://足式双臂机器人C/meshes/right_hip_pitch.STL,,镜向201-2,right hip pitch cs,"right hip pitch a ",right_hip_pitch,revolute,0,-0.049982,-0.028857,0.5236,0,0,base_link,0,1,0,300,9.21,-2.62,2.62,,,,,,,,
right_hip_roll,0.00890485756708381,-2.2817975425804E-08,-0.0281584849611693,0,0,0,1.23462673386496,0.00186517108928788,-9.88429746528276E-10,0.000101774222037618,0.00203357637552442,-1.14684287447236E-10,0.00162566881868773,0,0,0,0,0,0,package://足式双臂机器人C/meshes/right_hip_roll.STL,0.498039215686275,0.498039215686275,0.498039215686275,1,0,0,0,0,0,0,package://足式双臂机器人C/meshes/right_hip_roll.STL,,镜向202-2;镜向203-3,"right hip roll cs ","right hip roll a ",right_hip_roll,revolute,-0.0075,-0.108,0,-0.5236,0,0,right_hip_pitch,1,0,0,150,8.37,-1.92,0.17,,,,,,,,
right_hip_yaw,-0.00685185533140136,0.000647665669411879,-0.110180229351076,0,0,0,5.927415023901,0.0535738179751749,0.000111311096856331,-0.00252807564181361,0.056845040029036,-0.000707078815872077,0.0204696671750945,0,0,0,0,0,0,package://足式双臂机器人C/meshes/right_hip_yaw.STL,0.498039215686275,0.498039215686275,0.498039215686275,1,0,0,0,0,0,0,package://足式双臂机器人C/meshes/right_hip_yaw.STL,,镜向204-3,right hip yaw cs,"right hip yaw a ",right_hip_yaw,revolute,0.008,0,-0.115,0,0,0,right_hip_roll,0,0,1,150,8.37,-1.57,1.57,,,,,,,,
right_knee,0.00887957086423326,2.46027134978288E-05,-0.189167952524956,0,0,0,2.86579694651627,0.0365694392767585,3.38767739167543E-06,0.000719830098220531,0.0371257837882473,-5.73219103974067E-05,0.00362800415722588,0,0,0,0,0,0,package://足式双臂机器人C/meshes/right_knee.STL,0.498039215686275,0.498039215686275,0.498039215686275,1,0,0,0,0,0,0,package://足式双臂机器人C/meshes/right_knee.STL,,镜向205-3,right knee cs,right knee a,right_knee,revolute,-0.0205,0,-0.31,0,0,0,right_hip_yaw,0,1,0,300,9.21,0,2.62,,,,,,,,
right_ankle_pitch,0,5.55111512312578E-17,2.22044604925031E-16,0,0,0,0.0183186267630812,2.01314075365105E-06,-1.24966021001981E-23,-1.65376573846015E-38,2.8050397230968E-06,7.96945492490358E-23,2.01314075365105E-06,0,0,0,0,0,0,package://足式双臂机器人C/meshes/right_ankle_pitch.STL,0.498039215686275,0.498039215686275,0.498039215686275,1,0,0,0,0,0,0,package://足式双臂机器人C/meshes/right_ankle_pitch.STL,,镜向206-3,right ankle pitch cs,right ankle pitch a,right_ankle_pitch,revolute,0.01,0,-0.405,0,0,0,right_knee,0,1,0,100,8.79,-0.87,0.52,,,,,,,,
right_ankle_roll,0.0457644557853165,-0.00174482721565708,-0.0249741749896996,0,0,0,0.582885599063613,0.000549849367853888,-1.04002299395752E-05,2.45535740223507E-05,0.00197688531032874,-6.06117369218341E-06,0.00205232581112901,0,0,0,0,0,0,package://足式双臂机器人C/meshes/right_ankle_roll.STL,0.498039215686275,0.498039215686275,0.498039215686275,1,0,0,0,0,0,0,package://足式双臂机器人C/meshes/right_ankle_roll.STL,,镜向208-4,right ankle roll cs,right ankle roll a,right_ankle_roll,revolute,0.01,0,-0.04,0,0,0,right_ankle_pitch,1,0,0,30,12.56,-0.35,0.35,,,,,,,,
right_toe,0.031208333024767,0.00110852051652532,-0.00631141458484707,0,0,0,0.15134806527019,0.00010788277336988,1.00444586554181E-05,-1.11535904084662E-05,8.14037283751907E-05,-1.88979431552681E-06,0.000157300969529082,0,0,0,0,0,0,package://足式双臂机器人C/meshes/right_toe.STL,0.498039215686275,0.498039215686275,0.498039215686275,1,0,0,0,0,0,0,package://足式双臂机器人C/meshes/right_toe.STL,,镜向209-2,right toe cs,right toe a,right_toe,revolute,0.12318,0.0035126,-0.034074,0,0,0,right_ankle_roll,0,1,0,30,12.56,-0.35,0.35,,,,,,,,
waist_yaw,-0.00409284120924787,-4.6191799076261E-08,0.041059320968178,0,0,0,0.663023978450473,0.00137026974388987,3.41866379769027E-10,-0.000169302244820074,0.00129998323719162,1.03825713181086E-09,0.00105667772351741,0,0,0,0,0,0,package://足式双臂机器人C/meshes/waist_yaw.STL,0.498039215686275,0.498039215686275,0.498039215686275,1,0,0,0,0,0,0,package://足式双臂机器人C/meshes/waist_yaw.STL,,100-1,waist yaw cs,waist yaw a,waist_yaw,revolute,0,0.0015,0.018312,0,0,0,base_link,0,0,1,150,8.37,-1.57,1.57,,,,,,,,
waist_roll,0.00486612924498125,-1.42901633783544E-08,-3.58471074216049E-06,0,0,0,0.639940813463497,0.000665796326163817,2.58989187057142E-08,1.23852395509186E-09,0.000910538839090835,1.98400243542767E-09,0.000910385075477987,0,0,0,0,0,0,package://足式双臂机器人C/meshes/waist_roll.STL,0.498039215686275,0.498039215686275,0.498039215686275,1,0,0,0,0,0,0,package://足式双臂机器人C/meshes/waist_roll.STL,,101-9,waist roll cs,waist roll a,waist_roll,revolute,-0.0025,0,0.11,0,0,0,waist_yaw,1,0,0,150,8.9,-0.79,0.79,,,,,,,,
torso,0.00172922921605496,0.00150357554986948,-0.0240892371308563,0,0,0,15.0797954307107,0.182256859873075,-2.65771723682496E-06,-0.0155697771144426,0.155433857983818,2.1127286267634E-06,0.136850463726297,0,0,0,0,0,0,package://足式双臂机器人C/meshes/torso.STL,0.498039215686275,0.498039215686275,0.498039215686275,1,0,0,0,0,0,0,package://足式双臂机器人C/meshes/torso.STL,,102-2,torso cs,torso a,torso,fixed,0.0025,-0.0015,0.22676,0,0,0,waist_roll,0,0,0,,,,,,,,,,,,
neck_yaw,-1.94400461804578E-08,0.00145250253135347,0.0583295636066872,0,0,0,0.353411959812392,0.000583814550280034,5.86890858157788E-10,-3.68670067752064E-10,0.000595511104933177,3.80744321027839E-05,0.000199767403525452,0,0,0,0,0,0,package://足式双臂机器人C/meshes/neck_yaw.STL,0.498039215686275,0.498039215686275,0.498039215686275,1,0,0,0,0,0,0,package://足式双臂机器人C/meshes/neck_yaw.STL,,130-1,neck yaw cs,neck yaw a,neck_yaw,revolute,-0.017281,0.0015,0.083818,0,0,0,torso,0,0,1,36,8.16,-1.57,1.57,,,,,,,,
neck_pitch,0.0080891647388154,-0.000998029809911287,0.0484192867222913,0,0,0,4.02477571240348,0.014508146174763,-4.88628215461779E-05,-0.00278080369185414,0.0195655800136078,-7.33119430682268E-05,0.0148567083323038,0,0,0,0,0,0,package://足式双臂机器人C/meshes/neck_pitch.STL,0.498039215686275,0.498039215686275,0.498039215686275,1,0,0,0,0,0,0,package://足式双臂机器人C/meshes/neck_pitch.STL,,131-1,neck pitch cs,neck pitch a,neck_pitch,revolute,0,0,0.1325,0,0,0,neck_yaw,0,1,0,36,8.16,-0.52,0.52,,,,,,,,
left_shoulder_pitch,-0.00409861584801387,0.0384064791145967,-0.0029212124577811,0,0,0,0.430913848347476,0.000769053581818735,-9.73812777361569E-05,7.40738499166362E-06,0.000546919001283554,-1.16611373614357E-05,0.000699427991686729,0,0,0,0,0,0,package://足式双臂机器人C/meshes/left_shoulder_pitch.STL,0.498039215686275,0.498039215686275,0.498039215686275,1,0,0,0,0,0,0,package://足式双臂机器人C/meshes/left_shoulder_pitch.STL,,110-1,left  shoulder pitch cs,left  shoulder pitch a,left_shoulder_pitch,revolute,-0.017281,0.12297,0.053813,0,0,0,torso,0,1,0,150,8.9,-2.79,0.87,,,,,,,,
left_shoulder_roll,0.000919634523004437,-6.78012689325769E-08,-0.0188626860024786,0,0,0,0.872132570790387,0.00184764836355787,2.37949264516325E-08,9.68265860760102E-06,0.00208626747486298,2.26234756547108E-10,0.00106695088705063,0,0,0,0,0,0,package://足式双臂机器人C/meshes/left_shoulder_roll.STL,0.498039215686275,0.498039215686275,0.498039215686275,1,0,0,0,0,0,0,package://足式双臂机器人C/meshes/left_shoulder_roll.STL,,111-1,left  shoulder roll cs,left  shoulder roll a,left_shoulder_roll,revolute,0,0.098527,-0.0074956,0,0,0,left_shoulder_pitch,1,0,0,150,8.9,-0.17,3.14,,,,,,,,
left_shoulder_yaw,-0.000741340257152331,0.00172837029108128,-0.045347593776922,0,0,0,1.29580245647958,0.003860982945997,5.11854955954266E-07,3.58974413623521E-05,0.00408719129321641,0.00017150393960228,0.00194228376851051,0,0,0,0,0,0,package://足式双臂机器人C/meshes/left_shoulder_yaw.STL,0.498039215686275,0.498039215686275,0.498039215686275,1,0,0,0,0,0,0,package://足式双臂机器人C/meshes/left_shoulder_yaw.STL,,112-1,left  shoulder yaw cs,left  shoulder yaw a,left_shoulder_yaw,revolute,0,0,-0.1125,0,0,0,left_shoulder_roll,0,0,1,36,8.16,-1.57,1.57,,,,,,,,
left_elbow_pitch,2.91386876745403E-08,-0.00194444111216199,-0.0486145666327832,0,0,0,0.134277357497783,0.000115963695275018,1.77089253664355E-11,6.08356979133671E-11,0.000119764003899846,-1.19798557834028E-05,4.6050439252046E-05,0,0,0,0,0,0,package://足式双臂机器人C/meshes/left_elbow_pitch.STL,0.498039215686275,0.498039215686275,0.498039215686275,1,0,0,0,0,0,0,package://足式双臂机器人C/meshes/left_elbow_pitch.STL,,113-3,left elbow pitch cs,left elbow pitch a,left_elbow_pitch,revolute,0,0,-0.1375,0,0,0,left_shoulder_yaw,0,1,0,36,8.16,-2.36,0,,,,,,,,
left_elbow_yaw,-0.000728976072652168,0.000947826134960972,-0.0638484807247587,0,0,0,1.18906235767847,0.00664457124214696,3.82346928932518E-07,-5.80061167610389E-05,0.00666973540163739,3.24114855374423E-05,0.000996701066356745,0,0,0,0,0,0,package://足式双臂机器人C/meshes/left_elbow_yaw.STL,0.498039215686275,0.498039215686275,0.498039215686275,1,0,0,0,0,0,0,package://足式双臂机器人C/meshes/left_elbow_yaw.STL,,114-1,left elbow yaw cs,left elbow yaw a,left_elbow_yaw,revolute,0,0,-0.0875,0,0,0,left_elbow_pitch,0,0,1,36,8.16,-1.57,1.57,,,,,,,,
right_shoulder_pitch,-0.00409868183432404,-0.0384062586372634,-0.00292250703426522,0,0,0,0.430913894550757,0.000769051002425444,9.7380903033573E-05,7.40655276016863E-06,0.000546919441618695,1.16775846836209E-05,0.000699423718964854,0,0,0,0,0,0,package://足式双臂机器人C/meshes/right_shoulder_pitch.STL,0.498039215686275,0.498039215686275,0.498039215686275,1,0,0,0,0,0,0,package://足式双臂机器人C/meshes/right_shoulder_pitch.STL,,镜向110-2,right  shoulder pitch cs,right  shoulder pitch a,right_shoulder_pitch,revolute,-0.017281,-0.12297,0.053813,0,0,0,torso,0,1,0,150,8.9,-2.79,0.87,,,,,,,,
right_shoulder_roll,0.000919631817683994,-8.87287022188765E-08,-0.0188626813457305,0,0,0,0.872132578376757,0.00184764847804442,2.42108495159225E-08,9.68262292607558E-06,0.00208626778979797,8.7671177643978E-10,0.00106695124152487,0,0,0,0,0,0,package://足式双臂机器人C/meshes/right_shoulder_roll.STL,0.498039215686275,0.498039215686275,0.498039215686275,1,0,0,0,0,0,0,package://足式双臂机器人C/meshes/right_shoulder_roll.STL,,镜向111-2,right  shoulder roll cs,right  shoulder roll a,right_shoulder_roll,revolute,0,-0.098527,-0.0074956,0,0,0,right_shoulder_pitch,1,0,0,150,8.9,-3.14,0.17,,,,,,,,
right_shoulder_yaw,-0.000741857302540606,-0.00172799325571732,-0.0453464650304515,0,0,0,1.2958441227996,0.00386097698610349,-4.95841844847718E-07,3.59628499625131E-05,0.00408718800769966,-0.000171496953065485,0.00194226081354547,0,0,0,0,0,0,package://足式双臂机器人C/meshes/right_shoulder_yaw.STL,0.498039215686275,0.498039215686275,0.498039215686275,1,0,0,0,0,0,0,package://足式双臂机器人C/meshes/right_shoulder_yaw.STL,,镜向112-2,right  shoulder yaw cs,right  shoulder yaw a,right_shoulder_yaw,revolute,0,0,-0.1125,0,0,0,right_shoulder_roll,0,0,1,36,8.16,-1.57,1.57,,,,,,,,
right_elbow_pitch,-2.06529561404267E-08,0.00194435630528891,-0.0486147250116656,0,0,0,0.134276889442258,0.000115963692345264,-3.00829122903038E-12,-8.82855404070622E-11,0.000119764003217396,1.19798533108379E-05,4.60504383486541E-05,0,0,0,0,0,0,package://足式双臂机器人C/meshes/right_elbow_pitch.STL,0.498039215686275,0.498039215686275,0.498039215686275,1,0,0,0,0,0,0,package://足式双臂机器人C/meshes/right_elbow_pitch.STL,,镜向113-12,right elbow pitch cs,right elbow pitch a,right_elbow_pitch,revolute,0,0,-0.1375,0,0,0,right_shoulder_yaw,0,1,0,36,8.16,-2.36,0,,,,,,,,
right_elbow_yaw,-0.000718465529941762,-0.000950492319590379,-0.0638721954855592,0,0,0,1.18878870062103,0.00664486783157471,-3.64706200245762E-07,-5.77429879869725E-05,0.00667009805819351,-3.22503553048931E-05,0.000996756346005752,0,0,0,0,0,0,package://足式双臂机器人C/meshes/right_elbow_yaw.STL,0.498039215686275,0.498039215686275,0.498039215686275,1,0,0,0,0,0,0,package://足式双臂机器人C/meshes/right_elbow_yaw.STL,,镜向114-9,right elbow yaw cs,"right elbow yaw a ",right_elbow_yaw,revolute,0,0,-0.0875,0,0,0,right_elbow_pitch,0,0,1,36,8.16,-1.57,1.57,,,,,,,,
